{"cameraMode":{"drawMode":0,"name":"Shaded","section":"Shading Mode"},"sceneLighting":true,"audioPlay":false,"sceneViewState":{"showFog":true,"showMaterialUpdate":false,"showSkybox":true,"showFlares":true,"showImageEffects":true,"showParticleSystems":true},"in2DMode":false,"pivot":{"x":0.06800001859664917,"y":0.7199999690055847,"z":0.42500001192092898},"rotation":{"x":0.2373063564300537,"y":-0.2178075909614563,"z":0.05468849092721939,"w":0.9451220035552979},"size":38.37892150878906,"orthographic":false}